edge,attention_sum,attention_rank
H3-3A ↔ ATOX1,12.514806561172009,74
H3-3B ↔ ATOX1,5.778181792236865,114
H3C1 ↔ ATOX1,5.539992422488581,116
H3-3A ↔ SLC31A1,18.6968780074385,34
H3-3A ↔ SOD1,10.175513415710384,86
H3-3B ↔ SOD1,18.080207919701934,38
H3-3A ↔ MT-CO1,17.143729369156063,40
H3-3A ↔ MT-CO2,7.932957870449172,97
H3-3A ↔ H4C1,22.6019714497088,19
H3-3B ↔ H4C1,13.426383687190537,67
H3C1 ↔ H4C1,7.733855701741049,100
